{
  "connectionReferences": {
    "sharepoint": {
      "connection": {
        "id": "/subscriptions/{subscription-id}/resourceGroups/{resource-group}/providers/Microsoft.Web/connections/sharepoint"
      },
      "api": {
        "name": "sharepoint",
        "displayName": "SharePoint",
        "description": "SharePoint helps organizations share and collaborate with colleagues, partners, and customers.",
        "iconUri": "https://connectoricons-prod.azureedge.net/releases/v1.0.1654/1.0.1654.3432/sharepoint/icon.png",
        "brandColor": "#036C70",
        "id": "/providers/Microsoft.PowerApps/apis/sharepoint",
        "type": "Microsoft.PowerApps/apis"
      }
    },
    "approvals": {
      "connection": {
        "id": "/subscriptions/{subscription-id}/resourceGroups/{resource-group}/providers/Microsoft.Web/connections/approvals"
      },
      "api": {
        "name": "approvals",
        "displayName": "Approvals",
        "description": "Create and track approvals within your app or workflow.",
        "iconUri": "https://connectoricons-prod.azureedge.net/releases/v1.0.1654/1.0.1654.3432/approvals/icon.png",
        "brandColor": "#0078D4",
        "id": "/providers/Microsoft.PowerApps/apis/approvals",
        "type": "Microsoft.PowerApps/apis"
      }
    }
  }
}