{
  "$schema": "https://schema.management.azure.com/providers/Microsoft.Logic/schemas/2016-06-01/workflowdefinition.json#",
  "contentVersion": "1.0.0.0",
  "parameters": {
    "$connections": {
      "defaultValue": {},
      "type": "Object"
    }
  },
  "triggers": {
    "When_a_file_is_created_or_modified": {
      "recurrence": {
        "frequency": "Minute",
        "interval": 1
      },
      "metadata": {
        "workflowEntityId": "/subscriptions/@{parameters('$connections')['sharepoint']['subscriptionId']}/resourceGroups/@{parameters('$connections')['sharepoint']['resourceGroupName']}/providers/Microsoft.Web/sites/@{parameters('$connections')['sharepoint']['siteName']}/lists/@{parameters('$connections')['sharepoint']['listId']}"
      },
      "type": "ApiConnection",
      "inputs": {
        "host": {
          "connection": {
            "name": "@parameters('$connections')['sharepoint']['connectionId']"
          }
        },
        "method": "get",
        "path": "/datasets/@{encodeURIComponent(encodeURIComponent('https://your-tenant.sharepoint.com/sites/your-site'))}/tables/@{encodeURIComponent(encodeURIComponent('KMS Document Library'))}/onnewitems"
      }
    }
  },
  "actions": {
    "Get_file_metadata": {
      "runAfter": {},
      "type": "ApiConnection",
      "inputs": {
        "host": {
          "connection": {
            "name": "@parameters('$connections')['sharepoint']['connectionId']"
          }
        },
        "method": "get",
        "path": "/datasets/@{encodeURIComponent(encodeURIComponent('https://your-tenant.sharepoint.com/sites/your-site'))}/tables/@{encodeURIComponent(encodeURIComponent('KMS Document Library'))}/items/@{triggerOutputs()?['body/ID']}"
      }
    },
    "Condition_Check_if_Approvers_field_exists": {
      "actions": {
        "Start_an_approval": {
          "runAfter": {},
          "type": "ApiConnectionWebhook",
          "inputs": {
            "host": {
              "connection": {
                "name": "@parameters('$connections')['approvals']['connectionId']"
              }
            },
            "body": {
              "notificationUrl": "@{listCallbackUrl()}",
              "source": "flow",
              "approval": {
                "title": "Document Approval Required: @{outputs('Get_file_metadata')?['body/Title']}",
                "assignedTo": "@{outputs('Get_file_metadata')?['body/Approvers/Value']}",
                "details": "Please review and approve the document: @{outputs('Get_file_metadata')?['body/Title']}\n\nDocument Link: @{outputs('Get_file_metadata')?['body/ServerRedirectedEmbedUrl']}\n\nCreated by: @{outputs('Get_file_metadata')?['body/Author/DisplayName']}\nModified: @{outputs('Get_file_metadata')?['body/Modified']}",
                "enableNotifications": true,
                "enableReassignment": false
              }
            },
            "path": "/approvalflows/v2/flows/@{workflow().name}/run/@{workflow().run().name}/approval"
          }
        },
        "Condition_Check_approval_outcome": {
          "actions": {
            "Update_Approval_Status_to_Approved": {
              "runAfter": {},
              "type": "ApiConnection",
              "inputs": {
                "host": {
                  "connection": {
                    "name": "@parameters('$connections')['sharepoint']['connectionId']"
                  }
                },
                "method": "patch",
                "path": "/datasets/@{encodeURIComponent(encodeURIComponent('https://your-tenant.sharepoint.com/sites/your-site'))}/tables/@{encodeURIComponent(encodeURIComponent('KMS Document Library'))}/items/@{triggerOutputs()?['body/ID']}",
                "body": {
                  "ApprovalStatus": "Approved"
                }
              }
            }
          },
          "runAfter": {
            "Start_an_approval": [
              "Succeeded"
            ]
          },
          "else": {
            "actions": {
              "Update_Approval_Status_to_Rejected": {
                "runAfter": {},
                "type": "ApiConnection",
                "inputs": {
                  "host": {
                    "connection": {
                      "name": "@parameters('$connections')['sharepoint']['connectionId']"
                    }
                  },
                  "method": "patch",
                  "path": "/datasets/@{encodeURIComponent(encodeURIComponent('https://your-tenant.sharepoint.com/sites/your-site'))}/tables/@{encodeURIComponent(encodeURIComponent('KMS Document Library'))}/items/@{triggerOutputs()?['body/ID']}",
                  "body": {
                    "ApprovalStatus": "Rejected",
                    "ApprovalComments": "@{outputs('Start_an_approval')?['body/response/comments']}"
                  }
                }
              }
            }
          },
          "expression": {
            "equals": [
              "@outputs('Start_an_approval')?['body/response/summary']",
              "Approve"
            ]
          },
          "type": "If"
        }
      },
      "runAfter": {
        "Get_file_metadata": [
          "Succeeded"
        ]
      },
      "else": {
        "actions": {
          "Terminate_No_approvers_specified": {
            "runAfter": {},
            "type": "Terminate",
            "inputs": {
              "runStatus": "Cancelled",
              "runError": {
                "code": "NoApproversSpecified",
                "message": "No approvers specified in the Approvers field for this document."
              }
            }
          }
        }
      },
      "expression": {
        "and": [
          {
            "not": {
              "equals": [
                "@outputs('Get_file_metadata')?['body/Approvers']",
                "@null"
              ]
            }
          },
          {
            "greater": [
              "@length(outputs('Get_file_metadata')?['body/Approvers/Value'])",
              0
            ]
          }
        ]
      },
      "type": "If"
    }
  },
  "outputs": {}
}