{
  "packageSchemaVersion": "1.0",
  "flowMetadata": {
    "flowName": "KMS Document Approval Flow",
    "description": "Automated approval workflow for documents in KMS SharePoint library",
    "displayName": "KMS Document Approval Flow",
    "creator": "System Administrator",
    "packageTelemetryId": "00000000-0000-0000-0000-000000000000",
    "flowType": "cloud",
    "isUnmanaged": true
  },
  "schemaVersion": "1.0.0.0",
  "creator": "System Administrator",
  "aadAudience": "https://service.flow.microsoft.com/"
}